Variable,Category,TrainingFrequency
UniqueCarrier,WN,0.11856544730252032
UniqueCarrier,OO,0.09594928679855035
UniqueCarrier,DL,0.06480877618452047
UniqueCarrier,AA,0.059278018225056774
UniqueCarrier,G4,0.0581722430672603
UniqueCarrier,UA,0.05098611616944428
UniqueCarrier,YX,0.043271099366367305
UniqueCarrier,F9,0.03498860816316159
UniqueCarrier,EV,0.034761806620158237
UniqueCarrier,NK,0.03228863460765686
UniqueCarrier,9E,0.03228110592573143
UniqueCarrier,MQ,0.03210982841192807
UniqueCarrier,B6,0.030443166450687602
UniqueCarrier,OH,0.025810203810830573
UniqueCarrier,YV,0.024778774387047654
UniqueCarrier,AS,0.023923327903271493
UniqueCarrier,H6,0.021514149687136212
UniqueCarrier,GV,0.018403862966695935
UniqueCarrier,ZW,0.015126063073415
UniqueCarrier,G7,0.014792918898215044
UniqueCarrier,QX,0.011678867836812054
UniqueCarrier,PT,0.011204560875510422
UniqueCarrier,8E,0.01103046010598502
UniqueCarrier,AX,0.010907177939456222
UniqueCarrier,C5,0.008020869506297271
UniqueCarrier,8V,0.007749836956982052
UniqueCarrier,9K,0.00726611914327364
UniqueCarrier,S5,0.006983793571070287
UniqueCarrier,CP (2),0.006088821507185657
UniqueCarrier,7S,0.005783909889206035
UniqueCarrier,SY,0.005248432387260341
UniqueCarrier,HA,0.005094094407789174
UniqueCarrier,K2,0.005047040145755282
UniqueCarrier,9X,0.003781280497043581
UniqueCarrier,4B,0.0037106991039927424
UniqueCarrier,K3,0.0036118851537215685
UniqueCarrier,2O,0.003574241744094455
UniqueCarrier,4Y (1),0.003478251049545315
UniqueCarrier,3M,0.0033832014402368524
UniqueCarrier,J5,0.0032618014441894105
UniqueCarrier,4W,0.0025879844118640734
UniqueCarrier,VX,0.002425176665226806
UniqueCarrier,7H,0.0024063549604132492
UniqueCarrier,KS,0.001987572028311608
UniqueCarrier,MW,0.0018002960654167172
UniqueCarrier,3F,0.0017268914166438454
UniqueCarrier,3E,0.0017137162232743555
UniqueCarrier,US,0.0013984526676472774
UniqueCarrier,MX,0.0013551627465760966
UniqueCarrier,M5,0.0013448108089286403
UniqueCarrier,V8,0.001292110035450681
UniqueCarrier,ZK,0.0012883456944879697
UniqueCarrier,5V,0.0012817580978032247
UniqueCarrier,Z3,0.0012111767047523864
UniqueCarrier,VC,0.001147182908386293
UniqueCarrier,AN,0.0010540154695591862
UniqueCarrier,VD,0.0010323705090235957
UniqueCarrier,2E,0.001019195315654106
UniqueCarrier,LF,0.0009975503551185156
UniqueCarrier,XP,0.0006907565666575381
UniqueCarrier,KG,0.0006700526913626255
UniqueCarrier,EM,0.0006634650946778807
UniqueCarrier,K5,0.0006211162588473776
UniqueCarrier,Q5,0.0006079410654778878
UniqueCarrier,2HQ,0.0005693565706100962
UniqueCarrier,F4,0.0005270077347795931
UniqueCarrier,JN,0.0005128914561694255
UniqueCarrier,SEB,0.000503480603762647
UniqueCarrier,S2,0.00047054262033892244
UniqueCarrier,HBQ,0.00045830851221011047
UniqueCarrier,TJ,0.0003990201420474062
UniqueCarrier,ELL,0.00033502634568131277
UniqueCarrier,CH,0.00033502634568131277
UniqueCarrier,1WQ,0.00030114727701691037
UniqueCarrier,PH,0.00028797208364742053
UniqueCarrier,X4,0.0002644449526304744
UniqueCarrier,I4,0.0002559751854643738
UniqueCarrier,XE,0.00024656433305759534
UniqueCarrier,RVQ,0.00023527131016946122
UniqueCarrier,28Q,0.00023056588396607198
UniqueCarrier,AAT,0.0001863348776542133
UniqueCarrier,1QQ,0.00017504185476607914
UniqueCarrier,NEW,0.00017504185476607914
UniqueCarrier,WP,0.00016657208759997854
UniqueCarrier,1PQ,0.00015057363850845518
UniqueCarrier,WRD,0.0001486914680270995
UniqueCarrier,8D,0.00012892867797286475
UniqueCarrier,SNK,0.00012610542225083122
UniqueCarrier,QF,0.00011669456984405277
UniqueCarrier,22Q,0.00010916588791863001
UniqueCarrier,AJQ,0.00010634263219659647
UniqueCarrier,YR,0.00010257829123388509
UniqueCarrier,3AQ,9.128526834575095e-05
UniqueCarrier,TQ,8.752092738303957e-05
UniqueCarrier,GCH,7.999224545761681e-05
UniqueCarrier,BAS,7.34046487728719e-05
UniqueCarrier,3DQ,6.399379636609345e-05
UniqueCarrier,WG,6.211162588473776e-05
UniqueCarrier,WST,6.0229455403382074e-05
UniqueCarrier,KAT,4.61131767932144e-05
UniqueCarrier,PR,3.293798342372457e-05
UniqueCarrier,N8,2.9173642461013192e-05
UniqueCarrier,TB,2.8232557220335347e-05
UniqueCarrier,KV,1.9762790054234743e-05
UniqueCarrier,LH,1.9762790054234743e-05
UniqueCarrier,HB,1.8821704813556898e-05
UniqueCarrier,__MISSING__,1.8821704813556898e-05
UniqueCarrier,1DQ,1.6939534332201208e-05
UniqueCarrier,X5,1.6939534332201208e-05
UniqueCarrier,DE,1.5057363850845518e-05
UniqueCarrier,6F,1.1293022888134139e-05
UniqueCarrier,AM,1.0351937647456294e-05
UniqueCarrier,OZ,7.528681925422759e-06
UniqueCarrier,BA,7.528681925422759e-06
UniqueCarrier,2TQ,7.528681925422759e-06
UniqueCarrier,G3,7.528681925422759e-06
UniqueCarrier,JRQ,7.528681925422759e-06
UniqueCarrier,RV,6.587596684744914e-06
UniqueCarrier,LW,5.646511444067069e-06
UniqueCarrier,5D,5.646511444067069e-06
UniqueCarrier,LY,4.7054262033892245e-06
UniqueCarrier,TK,3.7643409627113796e-06
UniqueCarrier,AF,3.7643409627113796e-06
UniqueCarrier,AC,3.7643409627113796e-06
UniqueCarrier,VS,1.8821704813556898e-06
UniqueCarrier,MU,1.8821704813556898e-06
UniqueCarrier,0JQ,1.8821704813556898e-06
UniqueCarrier,LP,1.8821704813556898e-06
UniqueCarrier,30Q,1.8821704813556898e-06
UniqueCarrier,JJ,1.8821704813556898e-06
UniqueCarrier,TI,9.410852406778449e-07
UniqueCarrier,IB,9.410852406778449e-07
UniqueCarrier,DY,9.410852406778449e-07
UniqueCarrier,AY,9.410852406778449e-07
UniqueCarrier,TP,9.410852406778449e-07
UniqueCarrier,ZX,9.410852406778449e-07
UniqueCarrier,DI,9.410852406778449e-07
UniqueCarrier,CX,9.410852406778449e-07
Origin,ORD,0.04226696141456405
Origin,DEN,0.033814133782795644
Origin,ATL,0.026377678210959314
Origin,DFW,0.02512603484085778
Origin,IAH,0.021495327982322655
Origin,DTW,0.02098525978187526
Origin,CLT,0.020930676837915947
Origin,MSP,0.020752811727427836
Origin,LAX,0.019200021080309392
Origin,LAS,0.01865419164071624
Origin,PHL,0.016954591696052054
Origin,PHX,0.01650192969528601
Origin,EWR,0.015902458396974222
Origin,SEA,0.015141120437265846
Origin,MCO,0.01505171733940145
Origin,DCA,0.014536002627509991
Origin,LGA,0.013625973199774516
Origin,SLC,0.013023678645740696
Origin,BOS,0.012723472453964463
Origin,IAD,0.012677359277171249
Origin,SFO,0.012328216652879767
Origin,JFK,0.011789915895212041
Origin,FLL,0.011757918997028993
Origin,BNA,0.009739291155775017
Origin,BWI,0.009513430698012334
Origin,TPA,0.009431556282073362
Origin,STL,0.009166170244202208
Origin,AUS,0.008766209016914125
Origin,MIA,0.008696568709103965
Origin,PDX,0.008302253993259947
Origin,RDU,0.008057571830683707
Origin,CVG,0.007874060208751529
Origin,SAN,0.007828888117198991
Origin,PIT,0.007315055575788888
Origin,CLE,0.007156012170114332
Origin,MSY,0.0071004881409143395
Origin,BET,0.007099547055673662
Origin,IND,0.007055316049361803
Origin,MCI,0.006861452489782167
Origin,MDW,0.006341032351687319
Origin,CMH,0.0057076819847111295
Origin,RSW,0.005533581215185728
Origin,DAL,0.0054526478844874335
Origin,SFB,0.0053152494393484675
Origin,SJC,0.004983046349389188
Origin,HOU,0.004945402939762075
Origin,SAT,0.004914347126819706
Origin,OAK,0.0048014168979383645
Origin,HNL,0.00457179209921297
Origin,MEM,0.004556734735362125
Origin,JAX,0.0045350897748265345
Origin,MKE,0.004501210706162132
Origin,ANC,0.004390162647762146
Origin,SMF,0.004301700635138429
Origin,BDL,0.004269703736955382
Origin,PIE,0.0042188851339587784
Origin,SJU,0.004217944048718101
Origin,OMA,0.004131364206575739
Origin,FAI,0.004041961108711344
Origin,CHS,0.004010905295768975
Origin,SDF,0.0039563223518096595
Origin,BUF,0.0036730556943656285
Origin,GRR,0.003670232438643595
Origin,RIC,0.003634471199497837
Origin,ABQ,0.003626001432331736
Origin,ORF,0.003579888255538522
Origin,OKC,0.0034876619019520933
Origin,AZA,0.003338029348684316
Origin,OGG,0.0032382743131724643
Origin,BOI,0.0031949843921012834
Origin,SNA,0.0031676929201216258
Origin,DSM,0.003148871215308069
Origin,PBI,0.00306982005509113
Origin,SYR,0.0030632324584063853
Origin,SAV,0.0030199425373352044
Origin,PGD,0.0029747704457826676
Origin,TUL,0.0029277161837487752
Origin,MYR,0.0028900727741216618
Origin,TYS,0.0028110216139047225
Origin,PVD,0.0027573797551860854
Origin,ROC,0.00269432704406067
Origin,ALB,0.0026849161916538914
Origin,RNO,0.002620922395287798
Origin,GSP,0.002450585966725108
Origin,OME,0.002372475891748847
Origin,BHM,0.002372475891748847
Origin,SRQ,0.0023461255050098674
Origin,TUS,0.0023273038001963104
Origin,BUR,0.0022538991514234386
Origin,ONT,0.0022473115547386934
Origin,PWM,0.002239782872813271
Origin,MSN,0.0022275487646844588
Origin,GEG,0.0021880231845759894
Origin,XNA,0.002159790627355654
Origin,GSO,0.0021334402406166745
Origin,ELP,0.002110854194840406
Origin,DAY,0.0021070898538776946
Origin,OTZ,0.002061917762325158
Origin,ICT,0.0020233332674573666
Origin,JNU,0.002006393733125165
Origin,PNS,0.001912285209057381
Origin,CID,0.0018454681569692538
Origin,LEX,0.0018407627307658646
Origin,LIT,0.0018360573045624754
Origin,BZN,0.0018153534292675627
Origin,KOA,0.001808765832582818
Origin,PSP,0.001802178235898073
Origin,MDT,0.0017504185476607914
Origin,BTV,0.0017118340527929998
Origin,ANI,0.0017099518823116442
Origin,VPS,0.0016751317284065639
Origin,COS,0.0016525456826302957
Origin,HPN,0.0016092557615591148
Origin,FSD,0.0016092557615591148
Origin,AVL,0.0016054914205964033
Origin,STT,0.0015829053748201351
Origin,WFB,0.0015669069257286117
Origin,AKN,0.00154149762423031
Origin,LGB,0.0015311456865828535
Origin,BIL,0.0014709162311794715
Origin,MHT,0.0014464480149218475
Origin,SGF,0.0014163332872201566
Origin,DLG,0.001413510031498123
Origin,LIH,0.00137116119566762
Origin,FAT,0.0013448108089286403
Origin,HSV,0.001340105382725251
Origin,EUG,0.0013259891041150834
Origin,MLI,0.001293051120691359
Origin,FAR,0.001279875927321869
Origin,EYW,0.0012638774782303456
Origin,CAK,0.0012469379438981444
Origin,ATW,0.0012328216652879769
Origin,SBN,0.0012234108128811984
Origin,CAE,0.001213058875233742
Origin,PIA,0.0012027069375862857
Origin,ABE,0.001169768954162561
Origin,FWA,0.0011490650788676486
Origin,OOK,0.001140595311701548
Origin,UNK,0.001110480583999857
Origin,MSO,0.0010916588791863
Origin,CHA,0.0010813069415388438
Origin,SBA,0.001061544151484609
Origin,MFR,0.0010606030662439312
Origin,MAF,0.001055897640040542
Origin,WTL,0.0010483689581151192
Origin,GAL,0.001025782912338851
Origin,RAP,0.000994727099396482
Origin,BGR,0.0009909627584337706
Origin,JAC,0.0009749643093422473
Origin,ROA,0.0009711999683795359
Origin,ILM,0.0009542604340473347
Origin,ADQ,0.0009344976439931
Origin,ECP,0.0009326154735117443
Origin,TVC,0.0009307333030303885
Origin,ACK,0.0009269689620676772
Origin,NME,0.0009269689620676772
Origin,GRB,0.0009222635358642879
Origin,TNK,0.000904382916291409
Origin,FCA,0.0008996774900880197
Origin,KPN,0.0008930898934032748
Origin,LBB,0.0008865022967185299
Origin,JAN,0.0008846201262371742
Origin,BIS,0.0008836790409964963
Origin,PSC,0.0008799147000337849
Origin,ISP,0.0008789736147931071
Origin,GJT,0.0008695627623863287
Origin,RDM,0.0008686216771456508
Origin,FNT,0.0008629751657015837
Origin,EMK,0.0008592108247388724
Origin,KSM,0.0008479178018507383
Origin,CHO,0.0008450945461287047
Origin,SHV,0.0008375658642032819
Origin,CYF,0.0008300371822778592
Origin,WWT,0.0008225085003524365
Origin,KWN,0.0008206263298710807
Origin,STX,0.0008074511365015909
Origin,TTN,0.000806510051260913
Origin,KOT,0.0008046278807795574
Origin,KKH,0.0008046278807795574
Origin,KWK,0.0007980402840948124
Origin,TLH,0.0007942759431321011
Origin,BLI,0.0007566325335049873
Origin,ELI,0.000751927107301598
Origin,ACY,0.0007500449368202423
Origin,EEK,0.000746280595857531
Origin,MTJ,0.0007331054024880411
Origin,AMA,0.0007312232320066855
Origin,STS,0.0007293410615253297
Origin,EVV,0.000728399976284652
Origin,AUK,0.0007199302091185513
Origin,SIT,0.0007189891238778735
Origin,FYU,0.000709578271471095
Origin,AVP,0.0007086371862304172
Origin,KKA,0.0007067550157490616
Origin,CRW,0.0007058139305083837
Origin,ATT,0.0006841689699727932
Origin,MFE,0.0006785224585287261
Origin,BRW,0.0006785224585287261
Origin,KUK,0.0006681705208812699
Origin,BTR,0.000667229435640592
Origin,CDB,0.0006559364127524578
Origin,KWT,0.0006474666455863572
Origin,BMI,0.0006455844751050016
Origin,GLV,0.0006455844751050016
Origin,MVY,0.0006446433898643237
Origin,RSH,0.0006380557931795789
Origin,MRY,0.0006286449407728004
Origin,HSL,0.0006267627702914447
Origin,NUP,0.0006220573440880554
Origin,MOB,0.0006220573440880554
Origin,NUL,0.0006192340883660219
Origin,LFT,0.0006182930031253441
Origin,TLT,0.0006079410654778878
Origin,WBB,0.0006051178097558542
Origin,KKI,0.0006032356392744986
Origin,LCK,0.0005910015311456865
Origin,AKI,0.0005872371901829752
Origin,SXP,0.0005834728492202638
Origin,SKK,0.0005815906787389082
Origin,PQS,0.0005787674230168746
Origin,GTF,0.0005787674230168746
Origin,HRL,0.0005731209115728076
Origin,WMO,0.0005712387410914518
Origin,WAA,0.0005674744001287405
Origin,SCC,0.0005674744001287405
Origin,ABL,0.0005637100591660291
Origin,KTB,0.0005637100591660291
Origin,VQS,0.0005618278886846734
Origin,SWF,0.0005608868034439955
Origin,ASE,0.0005542992067592506
Origin,LAN,0.0005505348657965393
Origin,SMK,0.0005486526953151835
Origin,KTS,0.0005486526953151835
Origin,MOU,0.0005467705248338279
Origin,BLV,0.00054582943959315
Origin,VAK,0.0005448883543524722
Origin,HPB,0.0005373596724270494
Origin,SBP,0.0005373596724270494
Origin,CPX,0.0005364185871863716
Origin,KAL,0.0005345364167050159
Origin,GPT,0.0005335953314643381
Origin,IDA,0.0005288899052609488
Origin,CRP,0.000527948820020271
Origin,LNK,0.0005251255642982375
Origin,RFD,0.0005241844790575596
Origin,SCE,0.0005232433938168817
Origin,RBY,0.0005232433938168817
Origin,SCM,0.0005185379676134925
Origin,TRI,0.0005185379676134925
Origin,HCR,0.0005185379676134925
Origin,MLL,0.000515714711891459
Origin,AKP,0.0005147736266507811
Origin,SHH,0.0005119503709287476
Origin,HDN,0.0005119503709287476
Origin,DUT,0.0005110092856880698
Origin,OBU,0.0005072449447253584
Origin,SHG,0.000503480603762647
Origin,PHO,0.0005015984332812913
Origin,MKK,0.0004950108365965464
Origin,DRO,0.0004940697513558686
Origin,EGE,0.0004921875808745128
Origin,KYU,0.0004714837055796003
Origin,KTN,0.00047054262033892244
Origin,AGS,0.0004639550236541775
Origin,PTH,0.00046113176793214397
Origin,KLG,0.00045830851221011047
Origin,MOT,0.0004554852564880769
Origin,PBG,0.0004479565745626542
Origin,KVL,0.0004423100631185871
Origin,HYL,0.0004423100631185871
Origin,MGM,0.0004338402959524865
Origin,WLK,0.0004319581254711308
Origin,AZO,0.0004300759549897751
Origin,ANV,0.0004300759549897751
Origin,ORV,0.00042819378450841943
Origin,FAY,0.00042725269926774157
Origin,TLA,0.00042631161402706375
Origin,KGX,0.0004234883583050302
Origin,KNW,0.00042254727306435233
Origin,RST,0.0004216061878236745
Origin,TOL,0.00041784184686096315
Origin,GNV,0.0004131364206575739
Origin,BQN,0.00041125425017621823
Origin,BTT,0.000406548823972829
Origin,ILI,0.00040560773873215113
Origin,WNA,0.00040560773873215113
Origin,CGA,0.0004009023125287619
Origin,ARC,0.0003980790568067284
Origin,SHX,0.0003980790568067284
Origin,BFL,0.00039713797156605053
Origin,AET,0.00039713797156605053
Origin,GNU,0.00039713797156605053
Origin,VEE,0.00039337363060333916
Origin,IAG,0.00038866820439994993
Origin,CWA,0.00038678603391859424
Origin,BKC,0.0003858449486779164
Origin,PHF,0.0003839627781965607
Origin,KCQ,0.0003830216929558829
Origin,A43,0.000382080607715205
Origin,CKB,0.0003792573519931715
Origin,KCG,0.0003773751815118158
Origin,TAL,0.00037078758482707086
Origin,IAN,0.00036984649958639304
Origin,IFP,0.0003689054143457152
Origin,ELM,0.000364199988142326
Origin,SUN,0.0003632589029016481
Origin,GST,0.0003632589029016481
Origin,MBS,0.00035949456193893676
Origin,MLB,0.00035949456193893676
Origin,PKA,0.0003566713062169032
Origin,KPV,0.0003547891357355475
Origin,HTS,0.00035290696525419184
Origin,KCC,0.000351965880013514
Origin,HLN,0.0003500837095321583
Origin,BRO,0.0003491426242914805
Origin,PAE,0.00034537828332876906
Origin,ITO,0.00034537828332876906
Origin,DRG,0.00034349611284741337
Origin,WTK,0.00034349611284741337
Origin,HYA,0.0003406728571253798
Origin,SLQ,0.00033879068664402414
Origin,USA,0.00033879068664402414
Origin,PVU,0.0003378496014033463
Origin,HUS,0.00033596743092199064
Origin,KCL,0.00033596743092199064
Origin,LRD,0.00033502634568131277
Origin,GFK,0.00033408526044063496
Origin,GRK,0.0003312620047186014
Origin,KEK,0.0003312620047186014
Origin,SPN,0.00032655657851521217
Origin,HOM,0.0003256154932745343
Origin,DLH,0.0003237333227931786
Origin,LBE,0.00032185115231182294
Origin,COU,0.0003209100670711451
Origin,PTU,0.00031902789658978944
Origin,KGK,0.0003171457261084337
Origin,SPI,0.0003143224703864002
Origin,MCG,0.0003124402999050445
Origin,KMO,0.00031149921466436665
Origin,AEX,0.00031149921466436665
Origin,KLL,0.0003067937884609774
Origin,PIP,0.0003058527032202996
Origin,CKD,0.0003058527032202996
Origin,CPR,0.00030491161797962173
Origin,MLU,0.000297382936054199
Origin,SVA,0.00029455968033216545
Origin,ROW,0.00029455968033216545
Origin,GAM,0.00029455968033216545
Origin,LNY,0.0002936185950914876
Origin,SGU,0.0002917364246101319
Origin,RDV,0.0002907953393694541
Origin,ERI,0.00028797208364742053
Origin,DAB,0.00028608991316606485
Origin,OAJ,0.000285148827925387
Origin,PSG,0.00028420774268470917
Origin,JHM,0.00028420774268470917
Origin,GUM,0.0002832666574440313
Origin,SIG,0.0002823255722033535
Origin,GRI,0.00028044340172199775
Origin,ITH,0.00027950231648131993
Origin,TOG,0.00027950231648131993
Origin,WSN,0.00027856123124064206
Origin,SAF,0.00027762014599996425
Origin,HHH,0.00027197363455589715
Origin,PGM,0.0002682092935931858
Origin,KEB,0.0002682092935931858
Origin,JRV,0.0002682092935931858
Origin,BTI,0.00026726820835250797
Origin,SOV,0.0002663271231118301
Origin,LSE,0.00026350386738979655
Origin,CLP,0.00026162169690844086
Origin,ENA,0.0002559751854643738
Origin,GKN,0.00025503410022369594
Origin,HNH,0.00025409301498301813
Origin,UGS,0.00024656433305759534
Origin,HGR,0.00024562324781691753
Origin,LUP,0.00024562324781691753
Origin,MYU,0.00024374107733556182
Origin,LKE,0.00024374107733556182
Origin,EDA,0.00024279999209488398
Origin,CHU,0.00024185890685420614
Origin,MCW,0.00023997673637285045
Origin,HNS,0.0002390356511321726
Origin,ACV,0.0002371534806508169
Origin,EGX,0.0002371534806508169
Origin,KLW,0.00023621239541013906
Origin,CXF,0.00023621239541013906
Origin,FSM,0.00023433022492878338
Origin,CLL,0.00023433022492878338
Origin,MQT,0.00023433022492878338
Origin,TKJ,0.00023338913968810554
Origin,KXA,0.00023056588396607198
Origin,CMI,0.00023056588396607198
Origin,CDV,0.0002286837134847163
Origin,ORH,0.00022586045776268278
Origin,SRV,0.00022491937252200493
Origin,SNP,0.00022491937252200493
Origin,BJI,0.00022491937252200493
Origin,SCK,0.0002239782872813271
Origin,ROP,0.0002239782872813271
Origin,PPG,0.00021644960535590433
Origin,EWN,0.00021550852011522647
Origin,HVN,0.00021550852011522647
Origin,LCH,0.00021456743487454862
Origin,BRL,0.00021456743487454862
Origin,KLN,0.00021456743487454862
Origin,KAE,0.00021456743487454862
Origin,PSM,0.00021268526439319294
Origin,MHK,0.00021268526439319294
Origin,CIK,0.00021080309391183726
Origin,WRG,0.00021080309391183726
Origin,BFI,0.00021080309391183726
Origin,NUI,0.00020986200867115942
Origin,SGY,0.00020986200867115942
Origin,KBC,0.00020703875294912586
Origin,AIN,0.00020703875294912586
Origin,FOD,0.00020609766770844802
Origin,RDD,0.00020515658246777018
Origin,OWB,0.00020421549722709234
Origin,FLG,0.0002032744119864145
Origin,WWP,0.00020139224150505882
Origin,FRD,0.00020045115626438095
Origin,PIZ,0.00020045115626438095
Origin,EWB,0.00019856898578302526
Origin,ORI,0.00019856898578302526
Origin,TWA,0.00019762790054234742
Origin,HHR,0.00019574573006099174
Origin,ATK,0.0001948046448203139
Origin,AKK,0.0001948046448203139
Origin,YAK,0.0001948046448203139
Origin,LNS,0.00019386355957963606
Origin,LWS,0.00019386355957963606
Origin,AGN,0.0001929224743389582
Origin,KOZ,0.0001929224743389582
Origin,WBQ,0.0001929224743389582
Origin,IGG,0.00019198138909828035
Origin,MRI,0.0001910403038576025
Origin,NNL,0.00019009921861692466
Origin,NLG,0.00019009921861692466
Origin,GUC,0.00019009921861692466
Origin,MLY,0.00018821704813556898
Origin,BRD,0.00018821704813556898
Origin,PPV,0.00018821704813556898
Origin,OLH,0.0001863348776542133
Origin,MGW,0.0001863348776542133
Origin,DEC,0.00018539379241353543
Origin,IRC,0.0001825705366915019
Origin,MEI,0.0001825705366915019
Origin,SVS,0.00018162945145082406
Origin,TKE,0.00018068836621014622
Origin,MCE,0.00018068836621014622
Origin,DVL,0.00017974728096946838
Origin,IMT,0.00017974728096946838
Origin,SBY,0.00017880619572879054
Origin,KYK,0.00017880619572879054
Origin,CEM,0.00017880619572879054
Origin,STG,0.00017786511048811267
Origin,JMS,0.00017786511048811267
Origin,LEB,0.00017692402524743483
Origin,JST,0.00017692402524743483
Origin,DUJ,0.00017692402524743483
Origin,NKI,0.000175982940006757
Origin,CEZ,0.0001741007695254013
Origin,CNM,0.0001741007695254013
Origin,MNT,0.0001741007695254013
Origin,KNK,0.00017315968428472346
Origin,TWF,0.00017315968428472346
Origin,KPB,0.00017221859904404562
Origin,GLH,0.0001703364285626899
Origin,ISN,0.00016939534332201207
Origin,ESD,0.00016939534332201207
Origin,YUM,0.00016845425808133423
Origin,PEC,0.00016845425808133423
Origin,SVC,0.00016845425808133423
Origin,HRO,0.00016751317284065639
Origin,BKW,0.00016374883187794502
Origin,PML,0.00016374883187794502
Origin,SUX,0.00016280774663726715
Origin,OGS,0.00016280774663726715
Origin,COD,0.00015998449091523363
Origin,PRC,0.00015998449091523363
Origin,KKB,0.00015998449091523363
Origin,ELV,0.00015810232043387794
Origin,AOO,0.0001571612351932001
Origin,LAW,0.0001571612351932001
Origin,LWB,0.0001571612351932001
Origin,SDP,0.00015622014995252226
Origin,RIW,0.0001552790647118444
Origin,IWD,0.0001552790647118444
Origin,RMP,0.0001552790647118444
Origin,ABI,0.00015433797947116655
Origin,ELD,0.00015245580898981087
Origin,PIR,0.00015151472374913303
Origin,PSE,0.00015151472374913303
Origin,BFF,0.00015151472374913303
Origin,CIU,0.00014963255326777734
Origin,OTH,0.00014775038278642163
Origin,SQL,0.0001468092975457438
Origin,LYH,0.0001468092975457438
Origin,SLN,0.00014586821230506595
Origin,MSL,0.00014586821230506595
Origin,WMK,0.00014586821230506595
Origin,MTM,0.0001449271270643881
Origin,PKB,0.0001449271270643881
Origin,KEH,0.0001449271270643881
Origin,SYB,0.00014398604182371027
Origin,KPY,0.00014398604182371027
Origin,SMX,0.00014304495658303243
Origin,PLN,0.00014304495658303243
Origin,SHD,0.00014210387134235458
Origin,MKL,0.00014116278610167674
Origin,APN,0.00014022170086099887
Origin,7AK,0.00014022170086099887
Origin,PUB,0.00013928061562032103
Origin,LBL,0.00013928061562032103
Origin,KPR,0.00013739844513896535
Origin,UIN,0.00013739844513896535
Origin,HYG,0.0001364573598982875
Origin,CSG,0.0001364573598982875
Origin,UGI,0.0001364573598982875
Origin,LUR,0.00013551627465760967
Origin,CDR,0.00013457518941693182
Origin,BGM,0.00013457518941693182
Origin,MMH,0.00013457518941693182
Origin,PGA,0.00013363410417625398
Origin,JLN,0.00013363410417625398
Origin,AIA,0.00013269301893557611
Origin,ATY,0.00013269301893557611
Origin,KWP,0.00013175193369489827
Origin,EAR,0.00013175193369489827
Origin,CYS,0.00013175193369489827
Origin,TNC,0.00013081084845422043
Origin,TYR,0.00013081084845422043
Origin,SJT,0.0001298697632135426
Origin,PIB,0.00012892867797286475
Origin,ZXM,0.00012892867797286475
Origin,HOT,0.0001279875927321869
Origin,SPS,0.00012704650749150907
Origin,ALS,0.00012610542225083122
Origin,DDC,0.00012516433701015338
Origin,TCT,0.00012516433701015338
Origin,GCC,0.00012328216652879767
Origin,HYS,0.00012328216652879767
Origin,EXI,0.00012234108128811983
Origin,HIB,0.00012234108128811983
Origin,BLD,0.00012234108128811983
Origin,ALZ,0.00012139999604744199
Origin,MWA,0.00012139999604744199
Origin,MSS,0.00012045891080676415
Origin,INL,0.00012045891080676415
Origin,HNM,0.00012045891080676415
Origin,CGI,0.0001195178255660863
Origin,KVC,0.0001195178255660863
Origin,PGV,0.0001195178255660863
Origin,PVC,0.00011857674032540845
Origin,MUE,0.00011857674032540845
Origin,SDY,0.00011763565508473061
Origin,PTA,0.00011763565508473061
Origin,BHB,0.00011575348460337493
Origin,HKB,0.00011575348460337493
Origin,GDV,0.00011575348460337493
Origin,RHI,0.00011575348460337493
Origin,CNY,0.00011293022888134139
Origin,NIB,0.00011198914364066355
Origin,GGG,0.00011198914364066355
Origin,PUW,0.00011198914364066355
Origin,PDB,0.00011198914364066355
Origin,ACT,0.00011198914364066355
Origin,KMY,0.00011104805839998569
Origin,LBF,0.00011104805839998569
Origin,ESC,0.00011010697315930785
Origin,FBS,0.00011010697315930785
Origin,STC,0.00011010697315930785
Origin,VRB,0.00011010697315930785
Origin,HOB,0.00010916588791863001
Origin,EAU,0.00010916588791863001
Origin,TXK,0.00010916588791863001
Origin,PAH,0.00010822480267795217
Origin,BFD,0.00010822480267795217
Origin,VEL,0.00010728371743727431
Origin,KOY,0.00010728371743727431
Origin,KZB,0.00010634263219659647
Origin,LUK,0.00010540154695591863
Origin,FLO,0.00010540154695591863
Origin,KFP,0.00010540154695591863
Origin,MCN,0.00010446046171524079
Origin,CVN,0.00010351937647456293
Origin,SHR,0.00010257829123388509
Origin,DHN,0.00010257829123388509
Origin,YNG,0.00010163720599320725
Origin,DIK,0.00010163720599320725
Origin,PQI,0.00010069612075252941
Origin,IPL,9.975503551185155e-05
Origin,YKM,9.975503551185155e-05
Origin,MKG,9.975503551185155e-05
Origin,OGD,9.975503551185155e-05
Origin,CMX,9.881395027117371e-05
Origin,JBR,9.787286503049587e-05
Origin,SLK,9.787286503049587e-05
Origin,GGW,9.693177978981803e-05
Origin,OLF,9.693177978981803e-05
Origin,BPT,9.693177978981803e-05
Origin,IKO,9.599069454914017e-05
Origin,BTM,9.504960930846233e-05
Origin,GTR,9.410852406778449e-05
Origin,ABY,9.410852406778449e-05
Origin,AKB,9.410852406778449e-05
Origin,BQK,9.316743882710665e-05
Origin,TIQ,9.22263535864288e-05
Origin,ADK,9.22263535864288e-05
Origin,TVF,9.22263535864288e-05
Origin,RKS,9.22263535864288e-05
Origin,SOW,9.128526834575095e-05
Origin,GCK,9.128526834575095e-05
Origin,TBN,9.128526834575095e-05
Origin,MCK,9.034418310507311e-05
Origin,LAR,9.034418310507311e-05
Origin,BID,9.034418310507311e-05
Origin,ALW,9.034418310507311e-05
Origin,ART,9.034418310507311e-05
Origin,EAT,9.034418310507311e-05
Origin,AUG,8.940309786439527e-05
Origin,ALO,8.940309786439527e-05
Origin,PIH,8.940309786439527e-05
Origin,PDT,8.940309786439527e-05
Origin,EAA,8.940309786439527e-05
Origin,VLD,8.940309786439527e-05
Origin,ABR,8.940309786439527e-05
Origin,EKO,8.940309786439527e-05
Origin,IRK,8.940309786439527e-05
Origin,MAZ,8.940309786439527e-05
Origin,DOF,8.940309786439527e-05
Origin,RKD,8.940309786439527e-05
Origin,RUT,8.940309786439527e-05
Origin,HVR,8.940309786439527e-05
Origin,RCE,8.846201262371741e-05
Origin,DBQ,8.846201262371741e-05
Origin,WHD,8.752092738303957e-05
Origin,WST,8.752092738303957e-05
Origin,CZN,8.563875690168389e-05
Origin,CKX,8.563875690168389e-05
Origin,CDC,8.563875690168389e-05
Origin,TEX,8.563875690168389e-05
Origin,RDB,8.563875690168389e-05
Origin,MYK,8.469767166100603e-05
Origin,MXY,8.375658642032819e-05
Origin,CEC,8.281550117965035e-05
Origin,TUP,8.187441593897251e-05
Origin,VDZ,8.093333069829465e-05
Origin,FAQ,8.093333069829465e-05
Origin,SSB,7.905116021693897e-05
Origin,SPB,7.905116021693897e-05
Origin,FMN,7.905116021693897e-05
Origin,VCT,7.716898973558328e-05
Origin,UST,7.528681925422759e-05
Origin,JRF,7.528681925422759e-05
Origin,TKF,7.434573401354975e-05
Origin,XWA,7.246356353219405e-05
Origin,SWO,7.246356353219405e-05
Origin,IPT,7.246356353219405e-05
Origin,DQL,7.246356353219405e-05
Origin,DSI,7.246356353219405e-05
Origin,DHB,7.152247829151621e-05
Origin,AOS,6.964030781016052e-05
Origin,TLJ,6.775813732880483e-05
Origin,SKW,6.775813732880483e-05
Origin,BKG,6.587596684744914e-05
Origin,TEK,6.49348816067713e-05
Origin,JQF,6.399379636609345e-05
Origin,OFU,6.305271112541561e-05
Origin,FKL,5.8347284922026384e-05
Origin,MMU,5.7406199681348536e-05
Origin,LPS,5.5524029199992846e-05
Origin,LMA,5.5524029199992846e-05
Origin,SMN,5.4582943959315004e-05
Origin,PTD,4.9877517755925776e-05
Origin,KQA,4.7054262033892245e-05
Origin,RSJ,4.61131767932144e-05
Origin,DWH,4.5172091552536555e-05
Origin,CCR,4.423100631185871e-05
Origin,DRT,4.3289921071180865e-05
Origin,CYM,4.1407750589825176e-05
Origin,FNR,4.1407750589825176e-05
Origin,GCN,3.9525580108469486e-05
Origin,JHW,3.9525580108469486e-05
Origin,WYS,3.858449486779164e-05
Origin,HON,3.7643409627113796e-05
Origin,TSM,3.3879068664402416e-05
Origin,OWD,3.293798342372457e-05
Origin,WRL,3.293798342372457e-05
Origin,MHM,3.293798342372457e-05
Origin,NCN,3.199689818304673e-05
Origin,NYS,3.0114727701691037e-05
Origin,CLD,2.8232557220335347e-05
Origin,WKK,2.7291471979657502e-05
Origin,ZXN,2.7291471979657502e-05
Origin,RNT,2.7291471979657502e-05
Origin,MBL,2.4468216257623967e-05
Origin,FNL,2.4468216257623967e-05
Origin,FRG,2.3527131016946123e-05
Origin,PBK,2.2586045776268278e-05
Origin,MVL,2.2586045776268278e-05
Origin,VIS,2.1644960535590433e-05
Origin,ILG,2.0703875294912588e-05
Origin,RBH,2.0703875294912588e-05
Origin,BFM,1.9762790054234743e-05
Origin,BKL,1.9762790054234743e-05
Origin,BNH,1.8821704813556898e-05
Origin,1G4,1.5998449091523363e-05
Origin,UGB,1.5998449091523363e-05
Origin,GUS,1.5057363850845518e-05
Origin,A29,1.4116278610167674e-05
Origin,PTL,1.4116278610167674e-05
Origin,WSX,1.4116278610167674e-05
Origin,UTM,1.3175193369489829e-05
Origin,BIH,1.3175193369489829e-05
Origin,LMT,1.3175193369489829e-05
Origin,APF,1.2234108128811984e-05
Origin,DQU,1.1293022888134139e-05
Origin,LIJ,1.1293022888134139e-05
Origin,IGM,1.1293022888134139e-05
Origin,PYM,1.1293022888134139e-05
Origin,GBD,1.0351937647456294e-05
Origin,ZXH,9.410852406778449e-06
Origin,NIN,9.410852406778449e-06
Origin,AFW,9.410852406778449e-06
Origin,BFB,8.469767166100604e-06
Origin,KWF,8.469767166100604e-06
Origin,FPR,7.528681925422759e-06
Origin,FQW,7.528681925422759e-06
Origin,CZF,6.587596684744914e-06
Origin,NPT,6.587596684744914e-06
Origin,BDR,6.587596684744914e-06
Origin,HSH,5.646511444067069e-06
Origin,ISO,5.646511444067069e-06
Origin,A02,5.646511444067069e-06
Origin,EHM,5.646511444067069e-06
Origin,DTR,4.7054262033892245e-06
Origin,05A,4.7054262033892245e-06
Origin,LAM,4.7054262033892245e-06
Origin,LKK,4.7054262033892245e-06
Origin,VCV,4.7054262033892245e-06
Origin,C01,4.7054262033892245e-06
Origin,2AK,4.7054262033892245e-06
Origin,BED,4.7054262033892245e-06
Origin,DQS,4.7054262033892245e-06
Origin,CO1,3.7643409627113796e-06
Origin,RWI,3.7643409627113796e-06
Origin,FVQ,3.7643409627113796e-06
Origin,PDK,3.7643409627113796e-06
Origin,1AK,3.7643409627113796e-06
Origin,A2K,3.7643409627113796e-06
Origin,SBD,3.7643409627113796e-06
Origin,GUP,3.7643409627113796e-06
Origin,WA7,2.8232557220335347e-06
Origin,EFD,2.8232557220335347e-06
Origin,WA6,2.8232557220335347e-06
Origin,T4X,2.8232557220335347e-06
Origin,IYK,2.8232557220335347e-06
Origin,NNK,2.8232557220335347e-06
Origin,VIK,1.8821704813556898e-06
Origin,GEK,1.8821704813556898e-06
Origin,HTO,1.8821704813556898e-06
Origin,FOE,1.8821704813556898e-06
Origin,SKJ,1.8821704813556898e-06
Origin,MTP,1.8821704813556898e-06
Origin,TLF,1.8821704813556898e-06
Origin,TCL,1.8821704813556898e-06
Origin,PAQ,1.8821704813556898e-06
Origin,DMN,1.8821704813556898e-06
Origin,06A,1.8821704813556898e-06
Origin,MYF,1.8821704813556898e-06
Origin,UMT,9.410852406778449e-07
Origin,FLT,9.410852406778449e-07
Origin,BIF,9.410852406778449e-07
Origin,ADW,9.410852406778449e-07
Origin,PTV,9.410852406778449e-07
Origin,SCF,9.410852406778449e-07
Origin,APC,9.410852406778449e-07
Origin,AQY,9.410852406778449e-07
Origin,BVU,9.410852406778449e-07
Origin,SMO,9.410852406778449e-07
Origin,WCR,9.410852406778449e-07
Origin,ENV,9.410852406778449e-07
Origin,CDL,9.410852406778449e-07
Origin,CEF,9.410852406778449e-07
Origin,WWA,9.410852406778449e-07
Origin,ROG,9.410852406778449e-07
Origin,UTO,9.410852406778449e-07
Origin,A50,9.410852406778449e-07
Origin,TEB,9.410852406778449e-07
Origin,VZR,9.410852406778449e-07
Origin,VZM,9.410852406778449e-07
Origin,FVX,9.410852406778449e-07
Origin,BMG,9.410852406778449e-07
Origin,MQY,9.410852406778449e-07
Origin,FOK,9.410852406778449e-07
Origin,TX1,9.410852406778449e-07
Origin,FXE,9.410852406778449e-07
Origin,MWH,9.410852406778449e-07
Origin,DCK,9.410852406778449e-07
Origin,ENN,9.410852406778449e-07
Dest,ORD,0.04252764202623181
Dest,DEN,0.0341896267938261
Dest,ATL,0.026398382086254227
Dest,DFW,0.025600341802159414
Dest,IAH,0.021498151238044688
Dest,DTW,0.02099090629331933
Dest,CLT,0.020949498542729504
Dest,MSP,0.020837509399088842
Dest,LAX,0.018976042793028065
Dest,LAS,0.01862501799825523
Dest,PHL,0.016814369995191054
Dest,PHX,0.0165235746558216
Dest,EWR,0.0162007824182691
Dest,MCO,0.015206996404113295
Dest,SEA,0.015141120437265846
Dest,DCA,0.014837149904526902
Dest,LGA,0.014084281711984626
Dest,SLC,0.01302556081622205
Dest,BOS,0.0126199530774899
Dest,IAD,0.012609601139842443
Dest,SFO,0.012291514328493331
Dest,JFK,0.011914139146981516
Dest,FLL,0.011832264731042543
Dest,BNA,0.009766582627754674
Dest,TPA,0.009375091167632691
Dest,BWI,0.009360033803781845
Dest,STL,0.009117233811686961
Dest,MIA,0.008918664825903935
Dest,AUS,0.008844319091890386
Dest,PDX,0.008316370271870115
Dest,RDU,0.008029339273463372
Dest,SAN,0.00783829896960577
Dest,CVG,0.007805360986182046
Dest,PIT,0.007306585808622788
Dest,BET,0.007181421471612634
Dest,MSY,0.007114604419524507
Dest,CLE,0.007107075737599084
Dest,IND,0.007019554810216045
Dest,MCI,0.0068680400864669115
Dest,MDW,0.006373029249870365
Dest,CMH,0.005673802916046727
Dest,DAL,0.0054526478844874335
Dest,RSW,0.0054140633896196414
Dest,SFB,0.005308661842663723
Dest,SJC,0.004964224644575631
Dest,SAT,0.0049501083659654645
Dest,HOU,0.004927522320189196
Dest,OAK,0.004792947130772264
Dest,HNL,0.00462449287269093
Dest,MEM,0.004543559541992635
Dest,JAX,0.00448897659803332
Dest,ANC,0.004486153342311287
Dest,MKE,0.004380751795355368
Dest,SMF,0.004264998310751993
Dest,FAI,0.004251823117382503
Dest,SJU,0.004247117691179114
Dest,PIE,0.004217944048718101
Dest,BDL,0.004157714593314718
Dest,OMA,0.004121012268928283
Dest,CHS,0.004023139403897787
Dest,SDF,0.00390832700453509
Dest,BUF,0.003657998330514783
Dest,GRR,0.0036410587961825816
Dest,ABQ,0.003631647943775803
Dest,OKC,0.0035761239145758105
Dest,ORF,0.0035685952326503876
Dest,RIC,0.003512130118209717
Dest,AZA,0.0033408526044063492
Dest,OGG,0.003246744080338565
Dest,BOI,0.0031893378806572164
Dest,SNA,0.0031469890448267133
Dest,DSM,0.0031027580385148547
Dest,SAV,0.0030312355602233384
Dest,SYR,0.0030067673439657145
Dest,PGD,0.00297382936054199
Dest,TUL,0.002936185950914876
Dest,PBI,0.0029343037804335204
Dest,MYR,0.0028778386659928496
Dest,TYS,0.0028185502958301455
Dest,PVD,0.002723500686521683
Dest,ROC,0.0026717409982844015
Dest,ALB,0.0026350386738979658
Dest,RNO,0.002615275883843731
Dest,OME,0.002503286740203067
Dest,GSP,0.0024167068980607055
Dest,TUS,0.0023385968230844444
Dest,SRQ,0.0023301270559183437
Dest,BHM,0.002306599924901398
Dest,BUR,0.0022275487646844588
Dest,PWM,0.002215314656555647
Dest,MSN,0.002215314656555647
Dest,ONT,0.002188964269816667
Dest,GEG,0.0021870820993353116
Dest,OTZ,0.0021851999288539556
Dest,XNA,0.002165437138799721
Dest,GSO,0.002106148768637017
Dest,ELP,0.002092032490026849
Dest,DAY,0.002084503808101426
Dest,JNU,0.00203933171654889
Dest,ICT,0.002000747221681098
Dest,PNS,0.0018718185437082335
Dest,CID,0.0018304107931184084
Dest,LIT,0.0018304107931184084
Dest,PSP,0.001826646452155697
Dest,LEX,0.0018219410259523077
Dest,BZN,0.001802178235898073
Dest,ANI,0.0017993549801760395
Dest,KOA,0.001789944127769261
Dest,COS,0.0017617115705489256
Dest,BTV,0.00169865885942351
Dest,VPS,0.001674190643165886
Dest,MDT,0.0016723084726845304
Dest,WFB,0.0016337239778167387
Dest,HPN,0.0016299596368540272
Dest,AVL,0.001607373591077759
Dest,FSD,0.0016064325058370813
Dest,AKN,0.001595139482948947
Dest,LGB,0.0015509084766370885
Dest,STT,0.0015339689423048873
Dest,BIL,0.0014662108049760822
Dest,DLG,0.001461505378772693
Dest,MHT,0.00141915654294219
Dest,SGF,0.0014172743724608344
Dest,HSV,0.00137116119566762
Dest,LIH,0.001365514684223553
Dest,FAT,0.0013410464679659288
Dest,EUG,0.0013118728255049157
Dest,MLI,0.0012770526715998355
Dest,EYW,0.0012751705011184798
Dest,FAR,0.0012714061601557685
Dest,UNK,0.00126199530774899
Dest,CAK,0.0012441146881761109
Dest,SBN,0.0012290573243252654
Dest,ATW,0.0012205875571591647
Dest,CAE,0.001213058875233742
Dest,PIA,0.0011867084884947623
Dest,FWA,0.0011453007379049372
Dest,KSM,0.0011067162430371455
Dest,CHA,0.0011057751577964678
Dest,ABE,0.001098246475871045
Dest,OOK,0.0010963643053896893
Dest,MSO,0.0010944821349083336
Dest,SBA,0.0010690728334100319
Dest,MFR,0.0010606030662439312
Dest,MAF,0.0010220185713761395
Dest,WTL,0.001000373610840549
Dest,GAL,0.0009919038436744486
Dest,RAP,0.0009843751617490256
Dest,ROA,0.0009787286503049586
Dest,JAC,0.0009740232241015694
Dest,ADQ,0.0009721410536202138
Dest,EMK,0.0009693177978981802
Dest,ILM,0.0009570836897693682
Dest,NME,0.0009307333030303885
Dest,BGR,0.000927910047308355
Dest,ACK,0.0009250867915863215
Dest,ECP,0.0009241457063456437
Dest,KPN,0.0009194402801422544
Dest,TVC,0.0009194402801422544
Dest,TNK,0.0009072061720134425
Dest,GRB,0.0008996774900880197
Dest,FCA,0.0008921488081625969
Dest,JAN,0.0008827379557558185
Dest,PSC,0.0008817968705151407
Dest,LBB,0.0008817968705151407
Dest,RDM,0.0008817968705151407
Dest,BIS,0.0008808557852744628
Dest,ISP,0.0008780325295524293
Dest,GJT,0.0008705038476270065
Dest,FNT,0.0008592108247388724
Dest,CHO,0.0008413302051659933
Dest,CYF,0.0008403891199253154
Dest,SHV,0.0008074511365015909
Dest,TTN,0.0008055689660202353
Dest,STX,0.0008055689660202353
Dest,TLH,0.0007914526874100676
Dest,KWK,0.0007914526874100676
Dest,KWN,0.0007876883464473562
Dest,KKH,0.0007669844711524436
Dest,WWT,0.000758514703986343
Dest,BLI,0.0007509860220609202
Dest,KOT,0.0007500449368202423
Dest,EEK,0.0007491038515795646
Dest,STS,0.0007349875729693969
Dest,MTJ,0.0007321643172473634
Dest,EVV,0.0007236945500812628
Dest,SIT,0.0007152247829151622
Dest,KKA,0.0007142836976744843
Dest,CRW,0.0007133426124338064
Dest,AMA,0.0007133426124338064
Dest,ACY,0.000709578271471095
Dest,CDB,0.0006964030781016052
Dest,AVP,0.0006945209076202495
Dest,AUK,0.000691697651898216
Dest,NUP,0.0006785224585287261
Dest,ELI,0.0006785224585287261
Dest,KUK,0.0006756992028066926
Dest,MFE,0.0006738170323253369
Dest,BTR,0.000672875947084659
Dest,BRW,0.0006615829241965249
Dest,FYU,0.0006587596684744914
Dest,KWT,0.0006549953275117801
Dest,MRY,0.0006502899013083908
Dest,ATT,0.0006465255603456795
Dest,MVY,0.000637114707938901
Dest,BMI,0.0006352325374575453
Dest,SKK,0.0006333503669761896
Dest,GLV,0.0006201751736066998
Dest,KKI,0.0006145286621626327
Dest,TLT,0.0006145286621626327
Dest,LFT,0.0006079410654778878
Dest,DUT,0.00060699998023721
Dest,MOB,0.0006041767245151764
Dest,SXP,0.0006041767245151764
Dest,NUL,0.0005966480425897536
Dest,LCK,0.0005910015311456865
Dest,ASE,0.0005853550197016195
Dest,ABL,0.0005815906787389082
Dest,AKI,0.0005787674230168746
Dest,GTF,0.0005768852525355189
Dest,HRL,0.0005740619968134853
Dest,RBY,0.0005740619968134853
Dest,SCC,0.000564651144406707
Dest,WBB,0.000564651144406707
Dest,VQS,0.0005627689739253512
Dest,KTB,0.000558063547721962
Dest,WAA,0.0005542992067592506
Dest,MOU,0.0005495937805558614
Dest,LAN,0.0005495937805558614
Dest,BLV,0.00054582943959315
Dest,SBP,0.0005420650986304387
Dest,RSH,0.0005411240133897608
Dest,PQS,0.0005411240133897608
Dest,HSL,0.0005373596724270494
Dest,CPX,0.0005335953314643381
Dest,WMO,0.0005326542462236602
Dest,TRI,0.0005317131609829823
Dest,SWF,0.0005298309905016267
Dest,GPT,0.000527948820020271
Dest,HDN,0.0005232433938168817
Dest,IDA,0.0005232433938168817
Dest,KTS,0.0005204201380948482
Dest,LNK,0.0005185379676134925
Dest,AKP,0.0005185379676134925
Dest,SCE,0.0005175968823728147
Dest,SHG,0.0005138325414101033
Dest,CRP,0.0005110092856880698
Dest,RFD,0.0005081860299660363
Dest,HPB,0.0005015984332812913
Dest,EGE,0.0005015984332812913
Dest,KAL,0.0005006573480406135
Dest,SMK,0.0004997162627999357
Dest,MKK,0.0004959519218372243
Dest,DRO,0.0004940697513558686
Dest,SCM,0.0004912464956338351
Dest,SHH,0.0004912464956338351
Dest,VAK,0.0004865410694304458
Dest,OBU,0.00047054262033892244
Dest,KTN,0.00046866044985756675
Dest,AGS,0.0004639550236541775
Dest,MOT,0.00045454417124739905
Dest,PHO,0.00045360308600672124
Dest,KLG,0.0004507798302846877
Dest,PBG,0.0004479565745626542
Dest,KGX,0.00044607440408129845
Dest,HCR,0.00044607440408129845
Dest,PTH,0.00044325114835926495
Dest,MLL,0.0004423100631185871
Dest,MGM,0.00043760463691519785
Dest,ORV,0.00043666355167452003
Dest,ANV,0.00043572246643384217
Dest,KYU,0.0004300759549897751
Dest,HYL,0.0004300759549897751
Dest,AZO,0.00042819378450841943
Dest,A43,0.00042725269926774157
Dest,CGA,0.00042631161402706375
Dest,WNA,0.00042631161402706375
Dest,KVL,0.00042631161402706375
Dest,FAY,0.000424429443545708
Dest,GNV,0.0004131364206575739
Dest,TOL,0.0004131364206575739
Dest,ILI,0.00041219533541689605
Dest,SHX,0.00041031316493554036
Dest,RST,0.0004074899092135068
Dest,BQN,0.00040278448301011763
Dest,WLK,0.0003999612272880841
Dest,AET,0.00039713797156605053
Dest,VEE,0.00039525580108469485
Dest,GNU,0.00039525580108469485
Dest,BFL,0.00039525580108469485
Dest,IAG,0.0003924325453626613
Dest,TLA,0.0003914914601219835
Dest,KCQ,0.0003905503748813056
Dest,PHF,0.00038866820439994993
Dest,GST,0.0003877271191592721
Dest,CWA,0.00038678603391859424
Dest,PKA,0.00038678603391859424
Dest,IFP,0.00038678603391859424
Dest,BTT,0.0003858449486779164
Dest,TAL,0.0003858449486779164
Dest,HOM,0.0003792573519931715
Dest,ARC,0.0003773751815118158
Dest,SUN,0.00037643409627113796
Dest,KPV,0.0003745519257897823
Dest,ELM,0.0003660821586236817
Dest,KNW,0.0003651410733830038
Dest,KCG,0.00036231781766097026
Dest,IAN,0.0003604356471796146
Dest,MLB,0.0003576123914575811
Dest,BKC,0.0003576123914575811
Dest,MBS,0.0003566713062169032
Dest,HTS,0.00035573022097622534
Dest,CKB,0.00035290696525419184
Dest,BRO,0.0003463193685694469
Dest,WTK,0.00034537828332876906
Dest,PAE,0.00034349611284741337
Dest,HYA,0.0003416139423660577
Dest,ITO,0.0003406728571253798
Dest,HLN,0.00033879068664402414
Dest,USA,0.0003378496014033463
Dest,PVU,0.00033502634568131277
Dest,LRD,0.0003322030899592792
Dest,GFK,0.00033032091947792354
Dest,PIP,0.00032843874899656785
Dest,SPN,0.00032655657851521217
Dest,KCL,0.0003256154932745343
Dest,SLQ,0.0003237333227931786
Dest,LBE,0.00032185115231182294
Dest,COU,0.00032185115231182294
Dest,KEK,0.0003209100670711451
Dest,CKD,0.0003209100670711451
Dest,MCG,0.0003143224703864002
Dest,KLL,0.0003124402999050445
Dest,DRG,0.0003124402999050445
Dest,HUS,0.00031149921466436665
Dest,DLH,0.00031149921466436665
Dest,GRK,0.0003105581294236888
Dest,RDV,0.0003105581294236888
Dest,SPI,0.00030961704418301097
Dest,CPR,0.0003067937884609774
Dest,GUM,0.00030114727701691037
Dest,BTI,0.00030114727701691037
Dest,MLU,0.0002992651065355547
Dest,AEX,0.0002992651065355547
Dest,PTU,0.0002992651065355547
Dest,SVA,0.00029455968033216545
Dest,GAM,0.00029455968033216545
Dest,KGK,0.00029455968033216545
Dest,TOG,0.00029267750985080977
Dest,SGU,0.0002907953393694541
Dest,JHM,0.0002898542541287762
Dest,OAJ,0.00028703099840674266
Dest,ERI,0.0002823255722033535
Dest,HHH,0.0002813844869626756
Dest,SAF,0.00028044340172199775
Dest,GRI,0.00028044340172199775
Dest,ROW,0.00027950231648131993
Dest,ITH,0.00027762014599996425
Dest,SIG,0.0002766790607592864
Dest,JRV,0.00027009146407454146
Dest,ENA,0.00027009146407454146
Dest,DAB,0.00026915037883386365
Dest,KEB,0.0002682092935931858
Dest,LNY,0.0002682092935931858
Dest,PGM,0.0002663271231118301
Dest,CLP,0.00026538603787115223
Dest,SNP,0.0002644449526304744
Dest,PSG,0.00026162169690844086
Dest,KMO,0.00026068061166776305
Dest,CXF,0.0002559751854643738
Dest,GKN,0.00025503410022369594
Dest,EGX,0.00025409301498301813
Dest,LSE,0.00025409301498301813
Dest,ACV,0.0002512697592609846
Dest,EDA,0.0002512697592609846
Dest,LKE,0.0002475054182982732
Dest,LUP,0.00024279999209488398
Dest,HGR,0.00024185890685420614
Dest,MCW,0.00023997673637285045
Dest,HNH,0.0002390356511321726
Dest,MQT,0.0002390356511321726
Dest,KLW,0.00023809456589149474
Dest,FSM,0.00023621239541013906
Dest,MYU,0.00023621239541013906
Dest,HNS,0.00023433022492878338
Dest,CLL,0.00023433022492878338
Dest,PPV,0.00023338913968810554
Dest,CMI,0.00022962479872539414
Dest,CHU,0.00022680154300336062
Dest,ORH,0.00022586045776268278
Dest,CDV,0.0002239782872813271
Dest,SCK,0.0002239782872813271
Dest,ROP,0.00022209611679997138
Dest,TKJ,0.0002202139463186157
Dest,KCC,0.00021833177583726002
Dest,HVN,0.00021833177583726002
Dest,PPG,0.00021739069059658218
Dest,KBC,0.00021739069059658218
Dest,SOV,0.00021644960535590433
Dest,NKI,0.00021456743487454862
Dest,MHK,0.00021456743487454862
Dest,BRL,0.00021456743487454862
Dest,BJI,0.00021456743487454862
Dest,WSN,0.00021456743487454862
Dest,PSM,0.00021268526439319294
Dest,EWN,0.0002117441791525151
Dest,BFI,0.00021080309391183726
Dest,KLN,0.00021080309391183726
Dest,KAE,0.00020986200867115942
Dest,LCH,0.00020986200867115942
Dest,WRG,0.0002079798381898037
Dest,SGY,0.00020609766770844802
Dest,FOD,0.00020609766770844802
Dest,TWA,0.00020515658246777018
Dest,KPB,0.00020515658246777018
Dest,OWB,0.00020515658246777018
Dest,UGS,0.00020421549722709234
Dest,IRC,0.00020139224150505882
Dest,PIZ,0.00020139224150505882
Dest,EWB,0.00020139224150505882
Dest,FLG,0.00020139224150505882
Dest,MRI,0.00020045115626438095
Dest,CIK,0.0001995100710237031
Dest,FRD,0.00019856898578302526
Dest,ORI,0.00019856898578302526
Dest,AKK,0.00019856898578302526
Dest,WBQ,0.00019668681530166958
Dest,AIN,0.00019668681530166958
Dest,LWS,0.00019668681530166958
Dest,RDD,0.00019574573006099174
Dest,LNS,0.00019386355957963606
Dest,HHR,0.00019386355957963606
Dest,MGW,0.0001929224743389582
Dest,GUC,0.00019198138909828035
Dest,NNL,0.00019198138909828035
Dest,KOZ,0.0001910403038576025
Dest,BRD,0.00018915813337624682
Dest,NUI,0.00018915813337624682
Dest,IGG,0.00018821704813556898
Dest,AGN,0.00018727596289489114
Dest,YAK,0.00018727596289489114
Dest,DEC,0.00018539379241353543
Dest,OLH,0.00018539379241353543
Dest,SRV,0.00018539379241353543
Dest,MLY,0.00018351162193217975
Dest,KYK,0.0001825705366915019
Dest,WWP,0.0001825705366915019
Dest,SVS,0.00018162945145082406
Dest,IMT,0.00018162945145082406
Dest,SBY,0.00018162945145082406
Dest,ATK,0.00018068836621014622
Dest,JST,0.00017974728096946838
Dest,JMS,0.00017974728096946838
Dest,MCE,0.00017974728096946838
Dest,KNK,0.00017974728096946838
Dest,CEM,0.00017880619572879054
Dest,TKE,0.00017880619572879054
Dest,KXA,0.00017786511048811267
Dest,DUJ,0.00017692402524743483
Dest,LEB,0.00017692402524743483
Dest,CEZ,0.00017504185476607914
Dest,CNM,0.0001741007695254013
Dest,ESD,0.00017221859904404562
Dest,SVC,0.0001703364285626899
Dest,GLH,0.0001703364285626899
Dest,RMP,0.00016939534332201207
Dest,MNT,0.00016845425808133423
Dest,HRO,0.00016845425808133423
Dest,PGA,0.00016657208759997854
Dest,SYB,0.0001656310023593007
Dest,ELV,0.0001656310023593007
Dest,ISN,0.00016468991711862286
Dest,COD,0.00016468991711862286
Dest,SUX,0.00016374883187794502
Dest,OGS,0.00016374883187794502
Dest,MEI,0.00016280774663726715
Dest,BKW,0.00016280774663726715
Dest,PEC,0.00016092557615591147
Dest,SDP,0.00016092557615591147
Dest,YUM,0.00016092557615591147
Dest,PML,0.00015998449091523363
Dest,PRC,0.00015904340567455579
Dest,SHD,0.00015810232043387794
Dest,PKB,0.00015810232043387794
Dest,ABI,0.00015810232043387794
Dest,AOO,0.0001571612351932001
Dest,IWD,0.0001552790647118444
Dest,ELD,0.0001552790647118444
Dest,WMK,0.00015433797947116655
Dest,RIW,0.00015433797947116655
Dest,PIR,0.00015245580898981087
Dest,PSE,0.00015245580898981087
Dest,LAW,0.00015151472374913303
Dest,NLG,0.00015057363850845518
Dest,CIU,0.00014963255326777734
Dest,KEH,0.00014963255326777734
Dest,OTH,0.0001486914680270995
Dest,TNC,0.0001486914680270995
Dest,TWF,0.0001486914680270995
Dest,PLN,0.00014775038278642163
Dest,LBL,0.0001468092975457438
Dest,SLN,0.0001468092975457438
Dest,MSL,0.0001468092975457438
Dest,MTM,0.00014586821230506595
Dest,SMX,0.0001449271270643881
Dest,UGI,0.00014398604182371027
Dest,LYH,0.00014398604182371027
Dest,STG,0.00014116278610167674
Dest,APN,0.00013928061562032103
Dest,MKL,0.00013928061562032103
Dest,BGM,0.00013739844513896535
Dest,ZXM,0.0001364573598982875
Dest,SQL,0.00013551627465760967
Dest,7AK,0.00013457518941693182
Dest,UIN,0.00013457518941693182
Dest,LWB,0.00013457518941693182
Dest,BFF,0.00013457518941693182
Dest,MMH,0.00013457518941693182
Dest,KPR,0.00013457518941693182
Dest,CDR,0.00013457518941693182
Dest,KWP,0.00013269301893557611
Dest,JLN,0.00013175193369489827
Dest,HYG,0.00013081084845422043
Dest,AIA,0.00013081084845422043
Dest,PIB,0.00013081084845422043
Dest,CSG,0.0001298697632135426
Dest,TYR,0.0001298697632135426
Dest,LUR,0.0001298697632135426
Dest,ATY,0.00012892867797286475
Dest,ALZ,0.00012704650749150907
Dest,HOT,0.00012704650749150907
Dest,HKB,0.00012704650749150907
Dest,ALS,0.00012610542225083122
Dest,PUB,0.00012610542225083122
Dest,ACT,0.00012610542225083122
Dest,SJT,0.00012516433701015338
Dest,EAR,0.00012516433701015338
Dest,HIB,0.0001242232517694755
Dest,MWA,0.00012234108128811983
Dest,HNM,0.00012234108128811983
Dest,CGI,0.00012139999604744199
Dest,GCC,0.00012045891080676415
Dest,INL,0.00012045891080676415
Dest,HYS,0.00012045891080676415
Dest,KPY,0.00012045891080676415
Dest,MSS,0.00012045891080676415
Dest,DVL,0.0001195178255660863
Dest,PGV,0.0001195178255660863
Dest,KVC,0.0001195178255660863
Dest,MUE,0.00011857674032540845
Dest,DDC,0.00011857674032540845
Dest,PVC,0.00011857674032540845
Dest,LBF,0.00011857674032540845
Dest,PTA,0.00011763565508473061
Dest,GDV,0.00011763565508473061
Dest,PDB,0.00011669456984405277
Dest,KKB,0.00011575348460337493
Dest,SDY,0.00011575348460337493
Dest,RHI,0.00011575348460337493
Dest,BHB,0.00011481239936269707
Dest,EXI,0.00011293022888134139
Dest,STC,0.00011198914364066355
Dest,VRB,0.00011198914364066355
Dest,HOB,0.00011198914364066355
Dest,KMY,0.00011104805839998569
Dest,CNY,0.00011104805839998569
Dest,ESC,0.00011104805839998569
Dest,PUW,0.00011010697315930785
Dest,SPS,0.00011010697315930785
Dest,TXK,0.00010822480267795217
Dest,BFD,0.00010822480267795217
Dest,VEL,0.00010822480267795217
Dest,LUK,0.00010728371743727431
Dest,PAH,0.00010728371743727431
Dest,NIB,0.00010634263219659647
Dest,1G4,0.00010446046171524079
Dest,GGG,0.00010351937647456293
Dest,EAU,0.00010257829123388509
Dest,KFP,0.00010257829123388509
Dest,DIK,0.00010257829123388509
Dest,MCN,0.00010257829123388509
Dest,KOY,0.00010163720599320725
Dest,CVN,0.00010163720599320725
Dest,MKG,0.00010069612075252941
Dest,DHN,0.00010069612075252941
Dest,CYS,0.00010069612075252941
Dest,YNG,9.975503551185155e-05
Dest,CMX,9.975503551185155e-05
Dest,PQI,9.975503551185155e-05
Dest,IPL,9.881395027117371e-05
Dest,BTM,9.881395027117371e-05
Dest,IKO,9.881395027117371e-05
Dest,OGD,9.881395027117371e-05
Dest,SLK,9.787286503049587e-05
Dest,JBR,9.787286503049587e-05
Dest,FLO,9.693177978981803e-05
Dest,GGW,9.693177978981803e-05
Dest,OLF,9.693177978981803e-05
Dest,GCK,9.599069454914017e-05
Dest,BPT,9.599069454914017e-05
Dest,GTR,9.504960930846233e-05
Dest,ART,9.504960930846233e-05
Dest,TIQ,9.410852406778449e-05
Dest,YKM,9.316743882710665e-05
Dest,RKS,9.316743882710665e-05
Dest,TVF,9.22263535864288e-05
Dest,RDB,9.22263535864288e-05
Dest,LAR,9.22263535864288e-05
Dest,ADK,9.22263535864288e-05
Dest,EAA,9.128526834575095e-05
Dest,PIH,9.128526834575095e-05
Dest,ALW,9.128526834575095e-05
Dest,BQK,9.128526834575095e-05
Dest,SOW,9.128526834575095e-05
Dest,TBN,9.128526834575095e-05
Dest,MCK,9.034418310507311e-05
Dest,EAT,9.034418310507311e-05
Dest,TCT,9.034418310507311e-05
Dest,BID,9.034418310507311e-05
Dest,ABR,8.940309786439527e-05
Dest,IRK,8.940309786439527e-05
Dest,EKO,8.940309786439527e-05
Dest,MAZ,8.940309786439527e-05
Dest,ALO,8.940309786439527e-05
Dest,RKD,8.940309786439527e-05
Dest,AKB,8.940309786439527e-05
Dest,AUG,8.940309786439527e-05
Dest,HVR,8.940309786439527e-05
Dest,PDT,8.940309786439527e-05
Dest,ABY,8.940309786439527e-05
Dest,RUT,8.940309786439527e-05
Dest,VLD,8.846201262371741e-05
Dest,DBQ,8.846201262371741e-05
Dest,WST,8.752092738303957e-05
Dest,WHD,8.752092738303957e-05
Dest,FBS,8.752092738303957e-05
Dest,KZB,8.657984214236173e-05
Dest,RCE,8.657984214236173e-05
Dest,CKX,8.563875690168389e-05
Dest,CZN,8.563875690168389e-05
Dest,CDC,8.563875690168389e-05
Dest,TLJ,8.469767166100603e-05
Dest,MYK,8.469767166100603e-05
Dest,TUP,8.469767166100603e-05
Dest,TEX,8.469767166100603e-05
Dest,MXY,8.375658642032819e-05
Dest,DOF,8.187441593897251e-05
Dest,CEC,8.187441593897251e-05
Dest,VDZ,8.093333069829465e-05
Dest,FAQ,8.093333069829465e-05
Dest,SHR,7.999224545761681e-05
Dest,TKF,7.999224545761681e-05
Dest,FMN,7.999224545761681e-05
Dest,SSB,7.905116021693897e-05
Dest,SPB,7.905116021693897e-05
Dest,JRF,7.811007497626113e-05
Dest,VCT,7.716898973558328e-05
Dest,XWA,7.434573401354975e-05
Dest,UST,7.434573401354975e-05
Dest,TEK,7.34046487728719e-05
Dest,SWO,7.246356353219405e-05
Dest,IPT,7.246356353219405e-05
Dest,DQL,7.246356353219405e-05
Dest,DSI,7.152247829151621e-05
Dest,DHB,6.775813732880483e-05
Dest,AOS,6.775813732880483e-05
Dest,BKG,6.587596684744914e-05
Dest,OFU,6.305271112541561e-05
Dest,JQF,6.211162588473776e-05
Dest,LPS,5.9288370162704225e-05
Dest,FKL,5.8347284922026384e-05
Dest,SKW,5.8347284922026384e-05
Dest,LMA,5.7406199681348536e-05
Dest,MMU,5.5524029199992846e-05
Dest,SMN,5.4582943959315004e-05
Dest,RSJ,5.3641858718637156e-05
Dest,PTD,5.1759688237281466e-05
Dest,DWH,4.7054262033892245e-05
Dest,KQA,4.61131767932144e-05
Dest,CCR,4.5172091552536555e-05
Dest,DRT,4.3289921071180865e-05
Dest,FNR,4.1407750589825176e-05
Dest,JHW,3.9525580108469486e-05
Dest,WYS,3.858449486779164e-05
Dest,NCN,3.7643409627113796e-05
Dest,MHM,3.482015390508026e-05
Dest,TSM,3.482015390508026e-05
Dest,HON,3.3879068664402416e-05
Dest,IGM,3.293798342372457e-05
Dest,OWD,3.199689818304673e-05
Dest,NYS,3.199689818304673e-05
Dest,ZXN,3.0114727701691037e-05
Dest,CLD,2.9173642461013192e-05
Dest,PBK,2.8232557220335347e-05
Dest,WKK,2.7291471979657502e-05
Dest,RNT,2.7291471979657502e-05
Dest,BLD,2.6350386738979657e-05
Dest,WRL,2.5409301498301812e-05
Dest,CYM,2.4468216257623967e-05
Dest,MBL,2.4468216257623967e-05
Dest,VIS,2.3527131016946123e-05
Dest,FRG,2.3527131016946123e-05
Dest,MVL,2.3527131016946123e-05
Dest,WSX,2.3527131016946123e-05
Dest,FNL,2.2586045776268278e-05
Dest,RBH,2.0703875294912588e-05
Dest,ILG,2.0703875294912588e-05
Dest,BNH,1.9762790054234743e-05
Dest,BKL,1.9762790054234743e-05
Dest,UTM,1.9762790054234743e-05
Dest,BFM,1.8821704813556898e-05
Dest,PTL,1.5998449091523363e-05
Dest,GCN,1.5998449091523363e-05
Dest,UGB,1.4116278610167674e-05
Dest,BIH,1.3175193369489829e-05
Dest,GUS,1.3175193369489829e-05
Dest,APF,1.2234108128811984e-05
Dest,LIJ,1.0351937647456294e-05
Dest,DQU,1.0351937647456294e-05
Dest,ZXH,9.410852406778449e-06
Dest,LMT,9.410852406778449e-06
Dest,NIN,9.410852406778449e-06
Dest,KWF,9.410852406778449e-06
Dest,GBD,9.410852406778449e-06
Dest,BFB,8.469767166100604e-06
Dest,FQW,7.528681925422759e-06
Dest,BDR,6.587596684744914e-06
Dest,2AK,6.587596684744914e-06
Dest,PYM,6.587596684744914e-06
Dest,EHM,6.587596684744914e-06
Dest,RWI,5.646511444067069e-06
Dest,HSH,5.646511444067069e-06
Dest,05A,5.646511444067069e-06
Dest,1AK,5.646511444067069e-06
Dest,LKK,5.646511444067069e-06
Dest,CZF,5.646511444067069e-06
Dest,A29,4.7054262033892245e-06
Dest,NPT,4.7054262033892245e-06
Dest,BED,4.7054262033892245e-06
Dest,LAM,4.7054262033892245e-06
Dest,GUP,3.7643409627113796e-06
Dest,C01,3.7643409627113796e-06
Dest,SBD,3.7643409627113796e-06
Dest,A02,3.7643409627113796e-06
Dest,ISO,3.7643409627113796e-06
Dest,VCV,3.7643409627113796e-06
Dest,A2K,3.7643409627113796e-06
Dest,CO1,3.7643409627113796e-06
Dest,PDK,3.7643409627113796e-06
Dest,TEB,3.7643409627113796e-06
Dest,DTR,2.8232557220335347e-06
Dest,WA6,2.8232557220335347e-06
Dest,WA7,2.8232557220335347e-06
Dest,T4X,2.8232557220335347e-06
Dest,L41,2.8232557220335347e-06
Dest,DCK,2.8232557220335347e-06
Dest,GEK,2.8232557220335347e-06
Dest,IYK,2.8232557220335347e-06
Dest,CDL,1.8821704813556898e-06
Dest,MYF,1.8821704813556898e-06
Dest,APC,1.8821704813556898e-06
Dest,DQS,1.8821704813556898e-06
Dest,TLF,1.8821704813556898e-06
Dest,MTP,1.8821704813556898e-06
Dest,DMN,1.8821704813556898e-06
Dest,MZJ,1.8821704813556898e-06
Dest,HTO,1.8821704813556898e-06
Dest,AFW,1.8821704813556898e-06
Dest,GYR,1.8821704813556898e-06
Dest,TCL,1.8821704813556898e-06
Dest,VT1,1.8821704813556898e-06
Dest,MOD,1.8821704813556898e-06
Dest,WCR,1.8821704813556898e-06
Dest,A26,1.8821704813556898e-06
Dest,CEF,1.8821704813556898e-06
Dest,UMT,1.8821704813556898e-06
Dest,OXC,9.410852406778449e-07
Dest,BVU,9.410852406778449e-07
Dest,FBK,9.410852406778449e-07
Dest,AQY,9.410852406778449e-07
Dest,VZR,9.410852406778449e-07
Dest,SCF,9.410852406778449e-07
Dest,FVX,9.410852406778449e-07
Dest,FLT,9.410852406778449e-07
Dest,VZM,9.410852406778449e-07
Dest,FOK,9.410852406778449e-07
Dest,SKF,9.410852406778449e-07
Dest,MPB,9.410852406778449e-07
Dest,WSJ,9.410852406778449e-07
Dest,SMO,9.410852406778449e-07
Dest,PAQ,9.410852406778449e-07
Dest,FOE,9.410852406778449e-07
Dest,GWO,9.410852406778449e-07
Dest,06A,9.410852406778449e-07
Dest,BYH,9.410852406778449e-07
Dest,ROG,9.410852406778449e-07
Dest,PTV,9.410852406778449e-07
Dest,EEN,9.410852406778449e-07
Dest,FVQ,9.410852406778449e-07
Dest,BMG,9.410852406778449e-07
Dest,OCF,9.410852406778449e-07
Dest,VIK,9.410852406778449e-07
Dest,FXE,9.410852406778449e-07
Dest,TX1,9.410852406778449e-07
Dest,RLU,9.410852406778449e-07
Dest,ENN,9.410852406778449e-07
