ParameterType,Variable,Value
Training median,Passengers,2507.0
Training median,Seats,3420.0
Training median,DepScheduled,31.0
Training median,DepPerformed,32.0
Training median,Distance,594.0
Training median,LoadFactor,0.792
Training median,PassengerLag1,2784.0
Training median,PassengerLag2,2859.0
Training median,PassengerRolling3Mean,3031.6666666666665
Training median,ScheduleCompletionRate,1.0
Scaler mean,PassengersLog1p,7.311347164007461
Scaler scale,PassengersLog1p,2.1540086784775365
Scaler mean,SeatsLog1p,7.747114884587718
Scaler scale,SeatsLog1p,1.8028001360813692
Scaler mean,DepScheduledLog1p,3.3187298567503847
Scaler scale,DepScheduledLog1p,1.4592055389605814
Scaler mean,DepPerformedLog1p,3.4969024192194538
Scaler scale,DepPerformedLog1p,1.1542480845251546
Scaler mean,PassengerLag1Log1p,7.491331782057676
Scaler scale,PassengerLag1Log1p,1.983989023949301
Scaler mean,PassengerLag2Log1p,7.51854553824321
Scaler scale,PassengerLag2Log1p,1.9613392697562981
Scaler mean,PassengerRolling3MeanLog1p,7.669229866155597
Scaler scale,PassengerRolling3MeanLog1p,1.7966569619466226
Scaler mean,Distance,733.0795499353945
Scaler scale,Distance,615.1453898312296
Scaler mean,LoadFactor,0.712527148631795
Scaler scale,LoadFactor,0.22777498429736082
Scaler mean,ScheduleCompletionRate,0.9876201387250223
Scaler scale,ScheduleCompletionRate,0.46907748572629315
Scaler mean,TrendMonth,46.33396950695603
Scaler scale,TrendMonth,27.455437423890395
Trend origin,TargetPeriod,2015-02-01
